"id_person,""username"",""password"",""name"",""surname"",""email"",""gender"",""date_of_birth"",""city"",""region"""
"0,""koki_smoki"",""kkk453"",""Iva"",""Brisko"",""iva.brisko@gmail.com"",""female"",NULL,NULL,NULL"
"0,""fifi889"",""45fs"",""Kaja"",""Katic"",""kaja.katic@gmail.com"",""female"",NULL,NULL,NULL"
"0,""tina122"",""ggg111"",""Tina"",""Slisko"",""tina.slisko@gmail.com"",""female"",NULL,NULL,NULL"
"0,""emili_k"",""9990j"",""Emilija"",""Kokic"",""emilija.kokic@gmail.com"",""female"",NULL,NULL,NULL"
"0,""rik_pik"",""rarara"",""Rikard"",""Aldo"",""rikard.aldo@gmail.com"",""male"",NULL,NULL,NULL"
"0,""nikica"",""45ooo"",""Nikola"",""Ledinko"",""nikola.ledinko@gmail.com"",""male"",NULL,NULL,NULL"
"0,""zmajica123"",""tikitiki"",""Ognjena"",""Kolar"",""ognjena.kolar@gmail.com"",""female"",NULL,NULL,NULL"
"0,""ulicar_3"",""pppp0"",""Petar"",""Akmacic"",""petar.akmacic@gmail.com"",""male"",NULL,NULL,NULL"
"0,""pipi_carapa"",""zizi88"",""Paloma"",""Rutic"",""paloma.rutic@gmail.com"",""female"",NULL,NULL,NULL"
"0,""asteriks"",""wert"",""Tijan"",""Mladic"",""tijan.mladic@gmail.com"",""male"",NULL,NULL,NULL"
"0,""heroj45"",""edii"",""Edi"",""Kovacic"",""edi.kovacic@gmail.com"",""male"",NULL,NULL,NULL"
"0,""gum_bum"",""uuu9"",""Bojan"",""Bombic"",""bojan.bombic@gmail.com"",""male"",NULL,NULL,NULL"
"0,""kike00"",""oppp"",""Kristina "",""Krstic"",""kristina.krstic@gmail.com"",""female"",NULL,NULL,NULL"
"0,""lilee"",""pi314"",""Lidija"",""Novak"",""lidija.novak@gmail.com"",""female"",NULL,NULL,NULL"
"0,""toni"",""jjrj"",""Antonio"",""Ilic"",""antonio.ilic@gmail.com"",""male"",NULL,NULL,NULL"
"16,""samo_proba"",""c0a8e1e5e307cc5b33819b387b5f01fd"",""proba"",""login"",""proba.login@gmail.com"",""male"",NULL,NULL,NULL"
